rating,review_count,name,cuisine,price,location/city,location/display_address/0,location/display_address/1,location/country,location/address2,location/address3,location/state,location/address1,location/zip_code,id,location/display_address/2
4.5,241,Chow House,chinese,$$,New York,181 Bleecker St,"New York, NY 10012",US,,,NY,181 Bleecker St,10012,0dDCDQz7DrKkSvu9h2hcQw,
4,1122,Han Dynasty,chinese,$$,New York,90 3rd Ave,"New York, NY 10003",US,,,NY,90 3rd Ave,10003,wfhMIiMh2A2psCGONOVSlg,
4,1384,Café China,chinese,$$,New York,13 E 37th St,"New York, NY 10016",US,,,NY,13 E 37th St,10016,xq0cX_DgxiJMXwhmEl9kUA,
4.5,1179,Wah Fung No 1 Fast Food,chinese,$,New York,79 Chrystie St,"New York, NY 10002",US,,,NY,79 Chrystie St,10002,X8ZS-dgiMIJvhwf9SaDnjw,
4.5,663,Shu Jiao Fu Zhou Cuisine Restaurant,chinese,$,New York,118 Eldridge St,"New York, NY 10002",US,,,NY,118 Eldridge St,10002,lynQoI3w_pzYfHGeuUU-Qg,
4,5693,Joe's Shanghai,chinese,$$,New York,9 Pell St,"New York, NY 10013",US,,,NY,9 Pell St,10013,0CjK3esfpFcxIopebzjFxA,
4,612,China Blue,chinese,$$,New York,135 Watts St,"New York, NY 10013",US,,,NY,135 Watts St,10013,0k678lCWQyReNi0lARlOmw,
4,515,Han Dynasty,chinese,$$,New York,215 W 85th St,"New York, NY 10024",US,,,NY,215 W 85th St,10024,ojbH3wnRu050hRhkmoxRiA,
4.5,235,Clay Pot - East Village,chinese,$$,New York,58 St Mark's Pl,"New York, NY 10003",US,,,NY,58 St Mark's Pl,10003,ZCAkVl5SeCDeBWg_xjfYeg,
4,263,Kings Co Imperial,chinese,$$,Brooklyn,20 Skillman Ave,"Brooklyn, NY 11211",US,,,NY,20 Skillman Ave,11211,vZgJyMZlpSSS_Y-duxd4_A,
4,274,Hunan Delight,chinese,$$,Brooklyn,752 Union St,"Brooklyn, NY 11215",US,,,NY,752 Union St,11215,_XLLSXPIjgoZQtwU3RCcQA,
4,403,21 Shanghai House,chinese,$$,New York,21 Division St,"New York, NY 10002",US,,,NY,21 Division St,10002,ynB8T3htx8s5V0YV8gVPGA,
4.5,494,Fishmarket Restaurant,chinese,$$,New York,111 South St,"New York, NY 10038",US,,,NY,111 South St,10038,LpVbI-E9C-CSp7WhU5h2Iw,
4,951,Noodle Village,chinese,$,New York,13 Mott St,"New York, NY 10013",US,,,NY,13 Mott St,10013,bnDfFdiCcPzhuNWUJORvLQ,
3.5,693,Yaso Tangbao,chinese,$$,Brooklyn,148 Lawrence St,"Brooklyn, NY 11201",US,,,NY,148 Lawrence St,11201,xH7mEjh4Rn6KdHjXYNoOjw,
4,563,Hao Noodle and Tea By Madam Zhu's Kitchen,chinese,$$,New York,401 6th Ave,"New York, NY 10014",US,,,NY,401 6th Ave,10014,scTDvJ2M2jDbb1ntVeIyxA,
4,1644,88 Lan Zhou Handmade Noodle,chinese,$,New York,40 Bowery St,"New York, NY 10013",US,,,NY,40 Bowery St,10013,Lbs8QBRN1U7IYBo5Mcv-RQ,
4.5,97,Xifu Food,chinese,$,Brooklyn,318 Livingston St,"Brooklyn, NY 11217",US,,,NY,318 Livingston St,11217,rPTX2J5KGDkN1QhPD-QOvg,
4,191,Han Dynasty,chinese,$$,Brooklyn,1 Dekalb Ave,"Brooklyn, NY 11201",US,,,NY,1 Dekalb Ave,11201,Q1TpfbuPwKPFrNFyu-u2_g,
4,1493,Shanghai 21,chinese,$$,New York,21 Mott St,"New York, NY 10013",US,,,NY,21 Mott St,10013,R26zweQ8-xoZS7iHkXQOvw,
4,2328,The Smith,chinese,$$,New York,956 2nd Ave,"New York, NY 10022",US,,,NY,956 2nd Ave,10022,C-8mGN7lt5rIraO5n-15ug,
5,7,The Poni Room,chinese,,New York,316 Bowery,"New York, NY 10012",US,,,NY,316 Bowery,10012,63xEppObiNqq_lVE5HGFvw,
4,2219,Bea,chinese,$$,New York,403 W 43rd St,"New York, NY 10036",US,,,NY,403 W 43rd St,10036,Rc1lxc5lSKJYd162JHNMfQ,
4,431,Uglyduckling,chinese,$$,Brooklyn,166 Smith St,"Brooklyn, NY 11201",US,,,NY,166 Smith St,11201,CwOAKJdX8AMz5iAoA-ZEuA,
4.5,19,Crown Shy,chinese,,New York,70 Pine St,"New York, NY 10005",US,,,NY,70 Pine St,10005,_0WFGjXuenlBixOlbSlGeQ,
4.5,84,Valerie,chinese,,New York,45 W 45th St between 5th & 6th Ave,"New York, NY 10036",US,,,NY,45 W 45th St between 5th & 6th Ave,10036,zRXMvxUX_rOliKZPpkWi_g,
4,102,BH Kitchen & Bar,chinese,$$,New York,20 E 49th St,"New York, NY 10017",US,,,NY,20 E 49th St,10017,6MgQz0SEOYUih2N5JOa6rg,
4.5,339,Benson's NYC,chinese,$$,New York,181 Essex St,"New York, NY 10002",US,,,NY,181 Essex St,10002,x7hsZRd_MyrUgAW91FM9qA,
4,3621,Jacob's Pickles,chinese,$$,New York,509 Amsterdam Ave,"New York, NY 10024",US,,,NY,509 Amsterdam Ave,10024,xt4sa64WOrpJvZBDPNPNYg,
4,757,Rabbithole Restaurant,chinese,$$,Brooklyn,352 Bedford Ave,"Brooklyn, NY 11211",US,,,NY,352 Bedford Ave,11211,np98mkA22LYf6kCwCL59pw,
4,408,Tribeca's Kitchen,chinese,$$,New York,200 Church St,"New York, NY 10013",US,,,NY,200 Church St,10013,MHtbBc2np3sR7jiV9GphNg,
4,3032,Jane,chinese,$$,New York,100 W Houston St,"New York, NY 10012",US,,,NY,100 W Houston St,10012,uoT2_Wrt1noD6kZOID7tUg,
4,568,District Social,chinese,$$,New York,252 W 37th St,"New York, NY 10018",US,,,NY,252 W 37th St,10018,eTR6nfHvQzvKX7Dcd6JrfA,
4,47,The Ribbon,chinese,,New York,220 West 44th St,"New York, NY 10036",US,,,NY,220 West 44th St,10036,BQRfaq0U75B5EEblBZ2Aqg,
4,547,Sunday in Brooklyn,chinese,$$,Brooklyn,348 Wythe Ave,"Brooklyn, NY 11249",US,,,NY,348 Wythe Ave,11249,9AXTJkwXdWaJaQkCjpj6mA,
4,2086,Friedman's,chinese,$$,New York,132 W 31st St,"New York, NY 10001",US,,,NY,132 W 31st St,10001,cCesIqo-LQt0cRlZAnrAZQ,
4,1215,Parker & Quinn,chinese,$$,New York,64 W 39th St,"New York, NY 10018",US,,,NY,64 W 39th St,10018,IOHaEgK1zDvUvB3SfKuGCw,
4,973,Brindle Room,chinese,$$,New York,277 E 10th St,"New York, NY 10009",US,,,NY,277 E 10th St,10009,sVG1whNWHhlbjP6p027YcA,
4.5,293,The Brazen Tavern,chinese,$$,New York,356 W 44th St,"New York, NY 10036",US,,,NY,356 W 44th St,10036,Xu8H24NxJJxEE-9wGp_AMA,
4,796,The Smith,chinese,$$,New York,1150 Broadway,"New York, NY 10010",US,,,NY,1150 Broadway,10010,Xd_l7jtUAZZAAvK8-mI2Jw,
4,2328,The Smith,chinese,$$,New York,956 2nd Ave,"New York, NY 10022",US,,,NY,956 2nd Ave,10022,C-8mGN7lt5rIraO5n-15ug,
5,7,The Poni Room,chinese,,New York,316 Bowery,"New York, NY 10012",US,,,NY,316 Bowery,10012,63xEppObiNqq_lVE5HGFvw,
4,2219,Bea,chinese,$$,New York,403 W 43rd St,"New York, NY 10036",US,,,NY,403 W 43rd St,10036,Rc1lxc5lSKJYd162JHNMfQ,
4,431,Uglyduckling,chinese,$$,Brooklyn,166 Smith St,"Brooklyn, NY 11201",US,,,NY,166 Smith St,11201,CwOAKJdX8AMz5iAoA-ZEuA,
4.5,19,Crown Shy,chinese,,New York,70 Pine St,"New York, NY 10005",US,,,NY,70 Pine St,10005,_0WFGjXuenlBixOlbSlGeQ,
4.5,84,Valerie,chinese,,New York,45 W 45th St between 5th & 6th Ave,"New York, NY 10036",US,,,NY,45 W 45th St between 5th & 6th Ave,10036,zRXMvxUX_rOliKZPpkWi_g,
4,102,BH Kitchen & Bar,chinese,$$,New York,20 E 49th St,"New York, NY 10017",US,,,NY,20 E 49th St,10017,6MgQz0SEOYUih2N5JOa6rg,
4.5,339,Benson's NYC,chinese,$$,New York,181 Essex St,"New York, NY 10002",US,,,NY,181 Essex St,10002,x7hsZRd_MyrUgAW91FM9qA,
4,3621,Jacob's Pickles,chinese,$$,New York,509 Amsterdam Ave,"New York, NY 10024",US,,,NY,509 Amsterdam Ave,10024,xt4sa64WOrpJvZBDPNPNYg,
4,757,Rabbithole Restaurant,chinese,$$,Brooklyn,352 Bedford Ave,"Brooklyn, NY 11211",US,,,NY,352 Bedford Ave,11211,np98mkA22LYf6kCwCL59pw,
4,408,Tribeca's Kitchen,chinese,$$,New York,200 Church St,"New York, NY 10013",US,,,NY,200 Church St,10013,MHtbBc2np3sR7jiV9GphNg,
4,3032,Jane,chinese,$$,New York,100 W Houston St,"New York, NY 10012",US,,,NY,100 W Houston St,10012,uoT2_Wrt1noD6kZOID7tUg,
4,568,District Social,chinese,$$,New York,252 W 37th St,"New York, NY 10018",US,,,NY,252 W 37th St,10018,eTR6nfHvQzvKX7Dcd6JrfA,
4,47,The Ribbon,chinese,,New York,220 West 44th St,"New York, NY 10036",US,,,NY,220 West 44th St,10036,BQRfaq0U75B5EEblBZ2Aqg,
4,547,Sunday in Brooklyn,chinese,$$,Brooklyn,348 Wythe Ave,"Brooklyn, NY 11249",US,,,NY,348 Wythe Ave,11249,9AXTJkwXdWaJaQkCjpj6mA,
4,2086,Friedman's,chinese,$$,New York,132 W 31st St,"New York, NY 10001",US,,,NY,132 W 31st St,10001,cCesIqo-LQt0cRlZAnrAZQ,
4,1215,Parker & Quinn,chinese,$$,New York,64 W 39th St,"New York, NY 10018",US,,,NY,64 W 39th St,10018,IOHaEgK1zDvUvB3SfKuGCw,
4,973,Brindle Room,chinese,$$,New York,277 E 10th St,"New York, NY 10009",US,,,NY,277 E 10th St,10009,sVG1whNWHhlbjP6p027YcA,
4.5,293,The Brazen Tavern,chinese,$$,New York,356 W 44th St,"New York, NY 10036",US,,,NY,356 W 44th St,10036,Xu8H24NxJJxEE-9wGp_AMA,
4,796,The Smith,chinese,$$,New York,1150 Broadway,"New York, NY 10010",US,,,NY,1150 Broadway,10010,Xd_l7jtUAZZAAvK8-mI2Jw,
4.5,241,Chow House,chinese,$$,New York,181 Bleecker St,"New York, NY 10012",US,,,NY,181 Bleecker St,10012,0dDCDQz7DrKkSvu9h2hcQw,
4,1122,Han Dynasty,chinese,$$,New York,90 3rd Ave,"New York, NY 10003",US,,,NY,90 3rd Ave,10003,wfhMIiMh2A2psCGONOVSlg,
4,1384,Café China,chinese,$$,New York,13 E 37th St,"New York, NY 10016",US,,,NY,13 E 37th St,10016,xq0cX_DgxiJMXwhmEl9kUA,
4.5,1179,Wah Fung No 1 Fast Food,chinese,$,New York,79 Chrystie St,"New York, NY 10002",US,,,NY,79 Chrystie St,10002,X8ZS-dgiMIJvhwf9SaDnjw,
4.5,663,Shu Jiao Fu Zhou Cuisine Restaurant,chinese,$,New York,118 Eldridge St,"New York, NY 10002",US,,,NY,118 Eldridge St,10002,lynQoI3w_pzYfHGeuUU-Qg,
4,5693,Joe's Shanghai,chinese,$$,New York,9 Pell St,"New York, NY 10013",US,,,NY,9 Pell St,10013,0CjK3esfpFcxIopebzjFxA,
4,612,China Blue,chinese,$$,New York,135 Watts St,"New York, NY 10013",US,,,NY,135 Watts St,10013,0k678lCWQyReNi0lARlOmw,
4,515,Han Dynasty,chinese,$$,New York,215 W 85th St,"New York, NY 10024",US,,,NY,215 W 85th St,10024,ojbH3wnRu050hRhkmoxRiA,
4.5,235,Clay Pot - East Village,chinese,$$,New York,58 St Mark's Pl,"New York, NY 10003",US,,,NY,58 St Mark's Pl,10003,ZCAkVl5SeCDeBWg_xjfYeg,
4,263,Kings Co Imperial,chinese,$$,Brooklyn,20 Skillman Ave,"Brooklyn, NY 11211",US,,,NY,20 Skillman Ave,11211,vZgJyMZlpSSS_Y-duxd4_A,
4,274,Hunan Delight,chinese,$$,Brooklyn,752 Union St,"Brooklyn, NY 11215",US,,,NY,752 Union St,11215,_XLLSXPIjgoZQtwU3RCcQA,
4,403,21 Shanghai House,chinese,$$,New York,21 Division St,"New York, NY 10002",US,,,NY,21 Division St,10002,ynB8T3htx8s5V0YV8gVPGA,
4.5,494,Fishmarket Restaurant,chinese,$$,New York,111 South St,"New York, NY 10038",US,,,NY,111 South St,10038,LpVbI-E9C-CSp7WhU5h2Iw,
4,951,Noodle Village,chinese,$,New York,13 Mott St,"New York, NY 10013",US,,,NY,13 Mott St,10013,bnDfFdiCcPzhuNWUJORvLQ,
3.5,693,Yaso Tangbao,chinese,$$,Brooklyn,148 Lawrence St,"Brooklyn, NY 11201",US,,,NY,148 Lawrence St,11201,xH7mEjh4Rn6KdHjXYNoOjw,
4,563,Hao Noodle and Tea By Madam Zhu's Kitchen,chinese,$$,New York,401 6th Ave,"New York, NY 10014",US,,,NY,401 6th Ave,10014,scTDvJ2M2jDbb1ntVeIyxA,
4,1644,88 Lan Zhou Handmade Noodle,chinese,$,New York,40 Bowery St,"New York, NY 10013",US,,,NY,40 Bowery St,10013,Lbs8QBRN1U7IYBo5Mcv-RQ,
4.5,97,Xifu Food,chinese,$,Brooklyn,318 Livingston St,"Brooklyn, NY 11217",US,,,NY,318 Livingston St,11217,rPTX2J5KGDkN1QhPD-QOvg,
4,191,Han Dynasty,chinese,$$,Brooklyn,1 Dekalb Ave,"Brooklyn, NY 11201",US,,,NY,1 Dekalb Ave,11201,Q1TpfbuPwKPFrNFyu-u2_g,
4,1493,Shanghai 21,chinese,$$,New York,21 Mott St,"New York, NY 10013",US,,,NY,21 Mott St,10013,R26zweQ8-xoZS7iHkXQOvw,
4,2328,The Smith,american,$$,New York,956 2nd Ave,"New York, NY 10022",US,,,NY,956 2nd Ave,10022,C-8mGN7lt5rIraO5n-15ug,
5,7,The Poni Room,american,,New York,316 Bowery,"New York, NY 10012",US,,,NY,316 Bowery,10012,63xEppObiNqq_lVE5HGFvw,
4,2219,Bea,american,$$,New York,403 W 43rd St,"New York, NY 10036",US,,,NY,403 W 43rd St,10036,Rc1lxc5lSKJYd162JHNMfQ,
4,431,Uglyduckling,american,$$,Brooklyn,166 Smith St,"Brooklyn, NY 11201",US,,,NY,166 Smith St,11201,CwOAKJdX8AMz5iAoA-ZEuA,
4.5,19,Crown Shy,american,,New York,70 Pine St,"New York, NY 10005",US,,,NY,70 Pine St,10005,_0WFGjXuenlBixOlbSlGeQ,
4.5,84,Valerie,american,,New York,45 W 45th St between 5th & 6th Ave,"New York, NY 10036",US,,,NY,45 W 45th St between 5th & 6th Ave,10036,zRXMvxUX_rOliKZPpkWi_g,
4,102,BH Kitchen & Bar,american,$$,New York,20 E 49th St,"New York, NY 10017",US,,,NY,20 E 49th St,10017,6MgQz0SEOYUih2N5JOa6rg,
4.5,339,Benson's NYC,american,$$,New York,181 Essex St,"New York, NY 10002",US,,,NY,181 Essex St,10002,x7hsZRd_MyrUgAW91FM9qA,
4,3621,Jacob's Pickles,american,$$,New York,509 Amsterdam Ave,"New York, NY 10024",US,,,NY,509 Amsterdam Ave,10024,xt4sa64WOrpJvZBDPNPNYg,
4,757,Rabbithole Restaurant,american,$$,Brooklyn,352 Bedford Ave,"Brooklyn, NY 11211",US,,,NY,352 Bedford Ave,11211,np98mkA22LYf6kCwCL59pw,
4,408,Tribeca's Kitchen,american,$$,New York,200 Church St,"New York, NY 10013",US,,,NY,200 Church St,10013,MHtbBc2np3sR7jiV9GphNg,
4,3032,Jane,american,$$,New York,100 W Houston St,"New York, NY 10012",US,,,NY,100 W Houston St,10012,uoT2_Wrt1noD6kZOID7tUg,
4,568,District Social,american,$$,New York,252 W 37th St,"New York, NY 10018",US,,,NY,252 W 37th St,10018,eTR6nfHvQzvKX7Dcd6JrfA,
4,47,The Ribbon,american,,New York,220 West 44th St,"New York, NY 10036",US,,,NY,220 West 44th St,10036,BQRfaq0U75B5EEblBZ2Aqg,
4,547,Sunday in Brooklyn,american,$$,Brooklyn,348 Wythe Ave,"Brooklyn, NY 11249",US,,,NY,348 Wythe Ave,11249,9AXTJkwXdWaJaQkCjpj6mA,
4,2086,Friedman's,american,$$,New York,132 W 31st St,"New York, NY 10001",US,,,NY,132 W 31st St,10001,cCesIqo-LQt0cRlZAnrAZQ,
4,1215,Parker & Quinn,american,$$,New York,64 W 39th St,"New York, NY 10018",US,,,NY,64 W 39th St,10018,IOHaEgK1zDvUvB3SfKuGCw,
4,973,Brindle Room,american,$$,New York,277 E 10th St,"New York, NY 10009",US,,,NY,277 E 10th St,10009,sVG1whNWHhlbjP6p027YcA,
4.5,293,The Brazen Tavern,american,$$,New York,356 W 44th St,"New York, NY 10036",US,,,NY,356 W 44th St,10036,Xu8H24NxJJxEE-9wGp_AMA,
4,796,The Smith,american,$$,New York,1150 Broadway,"New York, NY 10010",US,,,NY,1150 Broadway,10010,Xd_l7jtUAZZAAvK8-mI2Jw,
4.5,670,La Contenta,mexican,$$,New York,102 Norfolk St,"New York, NY 10002",US,,,NY,102 Norfolk St,10002,6Ct7OeTRn4caY9g0swFBsw,
4,1761,Toloache 50,mexican,$$,New York,251 West 50th St,"New York, NY 10012",US,,,NY,251 West 50th St,10012,Wx6lMnEh7dCmX-9PQF1Ifw,
4,1069,Barrio Chino,mexican,$$,New York,253 Broome St,"New York, NY 10002",US,,,NY,253 Broome St,10002,RzKR9QcYP03EQ_8DxTxowg,
4.5,636,Jajaja,mexican,$$,New York,162 E Broadway,"New York, NY 10002",US,,,NY,162 E Broadway,10002,XipQLDbyTl5tsLlyzAWzug,
4,608,Rosie's,mexican,$$,New York,29 E 2nd St,"New York, NY 10003",US,,,NY,29 E 2nd St,10003,9aJ1MVTthZw3QjqoG7mPjg,
4,289,La Loteria,mexican,$$,New York,29 7th Ave S,"New York, NY 10014",US,,,NY,29 7th Ave S,10014,pG-IkylRFOb-HlaD8NwvvQ,
4,885,Mamasita Bar & Grill,mexican,$$,New York,818 10th Ave,"New York, NY 10019",US,,,NY,818 10th Ave,10019,xemN4tP9RlK5c-yUT-M71Q,
4,123,Toro Loco,mexican,$$,New York,15 Stone St,"New York, NY 10004",US,,,NY,15 Stone St,10004,nrwOQSXoRXfAYhkdjiUk8g,
4.5,309,Don Chingon,mexican,$$,Brooklyn,216 Flatbush Ave,"Brooklyn, NY 11217",US,,,NY,216 Flatbush Ave,11217,X2C0_I0seTtjW9uL8e8FBw,
4,646,El Camion,mexican,$$,New York,194 Ave A,"New York, NY 10009",US,,,NY,194 Ave A,10009,BbMUXd69i0tlWS2aoppwaQ,
5,15,Metro Taco,mexican,,Queens,102-15 Metropolitan Ave,"Queens, NY 11375",US,,,NY,102-15 Metropolitan Ave,11375,MhGjWgAFFyb6QMwUIkhpBQ,
4,557,Calexico,mexican,$$,New York,1491 2nd Ave,"New York, NY 10075",US,,,NY,1491 2nd Ave,10075,7bD22UAtH56ikWYslOSIQg,
3.5,440,Gran Electrica,mexican,$$,Brooklyn,5 Front St,"Brooklyn, NY 11201",US,,,NY,5 Front St,11201,f7g3GhoQs9nQVTJEL2p48Q,
4,415,Toloache Thompson,mexican,$$,New York,205 Thompson St,"New York, NY 10012",US,,,NY,205 Thompson St,10012,_Kc_mFOk7zMPDcDhkdJE7A,
4,913,Ofrenda,mexican,$$,New York,113 7th Ave S,"New York, NY 10014",US,,,NY,113 7th Ave S,10014,9_CEU7Wmvmwlyvqr-PJD6w,
4.5,257,Chela Modern Mexican,mexican,$$,Brooklyn,408 5th Ave,"Brooklyn, NY 11215",US,,,NY,408 5th Ave,11215,CfOBb6NU2awo8xclJpKU3g,
4,726,Mesa Coyoacan,mexican,$$,Brooklyn,372 Graham Ave,"Brooklyn, NY 11211",US,,,NY,372 Graham Ave,11211,mmAlHhnTDXIohPC3wfl0hQ,
3.5,816,Mad Dog & Beans Mexican Cantina,mexican,$$,New York,83 Pearl St,"New York, NY 10004",US,,,NY,83 Pearl St,10004,DTKKEogIt2wQm4UULYVGug,
4,560,Tacuba Hell's Kitchen,mexican,$$,New York,802 9th Ave,"New York, NY 10019",US,,,NY,802 9th Ave,10019,ihzI-4yGesoQuAoIocao8g,
4,39,Ojala Comida Mexicana,mexican,,Brooklyn,413 Myrtle Ave,"Brooklyn, NY 11205",US,,,NY,413 Myrtle Ave,11205,_B0NHhM3GmirV68XE5csSA,
4,1285,Ootoya Chelsea,japanese,$$,New York,8 W 18th St,"New York, NY 10011",US,,,NY,8 W 18th St,10011,OLSSJIp8pu5UlugTF7tuHA,
4.5,469,Benemon,japanese,$$,New York,108 E 4th St,"New York, NY 10003",US,,,NY,108 E 4th St,10003,axqp3pGJXnTLgq2QrPyDyQ,
4.5,848,Raku,japanese,$$,New York,342 E 6th St,"New York, NY 10003",US,,,NY,342 E 6th St,10003,FlZ1zdVEKWv7dwqm8Uw8-w,
4,2021,Izakaya MEW,japanese,$$,New York,53 W 35th St,"New York, NY 10001",US,,,NY,53 W 35th St,10001,klAhw3xLQi9GF1tf_HnS7w,
4,1705,Sakagura,japanese,$$$,New York,211 E 43rd St,"New York, NY 10017",US,,,NY,211 E 43rd St,10017,7iY35991NhQ1AShJZCNZgA,
4.5,824,DOMODOMO,japanese,$$$,New York,140 W Houston St,"New York, NY 10012",US,,,NY,140 W Houston St,10012,BPZfuPvSxCfoppU4lPFm0Q,
4.5,279,nonono,japanese,$$,New York,118 Madison Ave,"New York, NY 10016",US,,,NY,118 Madison Ave,10016,qm1J_dPA5IHij1oAnoZwHw,
5,5,ichiba kitchen,japanese,,Brooklyn,196 Smith St,"Brooklyn, NY 11201",US,,,NY,196 Smith St,11201,skhPdP1hEmyZzaJMpP_wIQ,
4.5,415,Okonomi,japanese,$$,Brooklyn,150 Ainslie St,"Brooklyn, NY 11211",US,,,NY,150 Ainslie St,11211,7OMGEtFWT6sdd9TVuoGqJQ,
4.5,51,Izakaya Juraku,japanese,$$,New York,121 Ludlow St,"New York, NY 10002",US,,,NY,121 Ludlow St,10002,RYKGs45OjF-vlb2Ds2Jb_g,
4.5,30,Kaikagetsu NYC,japanese,,New York,162 Orchard St,"New York, NY 10002",US,,,NY,162 Orchard St,10002,ax4INkzwL__-d_kGJfcA-w,
4,106,Momokawa,japanese,$$$,New York,1466 1st Ave,"New York, NY 10075",US,,,NY,1466 1st Ave,10075,kwq1W0opBnOYKoUXWYyQ5g,
4,235,Izakaya,japanese,$$,New York,326 E 6th St,"New York, NY 10003",US,,,NY,326 E 6th St,10003,i8F0fnempD5fTb2CxbwKDw,
4.5,192,Rabbit House,japanese,$$,New York,76 Forsyth St,"New York, NY 10002",US,,,NY,76 Forsyth St,10002,NiFmuqLM-apdMX_jBPVIgw,
4,792,Bozu,japanese,$$,Brooklyn,296 Grand St,"Brooklyn, NY 11211",US,,,NY,296 Grand St,11211,lxQ-tzFmL1tmUqZUN-CSRQ,
4,940,Takashi,japanese,$$$,New York,456 Hudson St,"New York, NY 10014",US,,,NY,456 Hudson St,10014,6qzNc9Z9DHYYleKqrW_K3g,
4,1188,Hatsuhana Sushi Restaurant,japanese,$$$,New York,17 E 48th St,"New York, NY 10017",US,,,NY,17 E 48th St,10017,6lUsFj0KCao678o9L7QwUw,
4.5,358,Ise Restaurant,japanese,$$,New York,63 Cooper Sq,"New York, NY 10003",US,,,NY,63 Cooper Sq,10003,pNe8ZCkGTe4cXfKdOF7kYQ,
4,295,Fukurou,japanese,$$,New York,87 MacDougal St,"New York, NY 10012",US,,,NY,87 MacDougal St,10012,Uu1wc7CrweSIB4B7FLdbwg,
4.5,206,Yopparai,japanese,$$$,New York,151 Rivington St,Fl 1,US,Fl 1,,NY,151 Rivington St,10002,kN3rkbjvqkY62CDRYUVz4g,"New York, NY 10002"
4.5,1373,Barn Joo 35,korean,$$,New York,34 W 35th St,"New York, NY 10001",US,,,NY,34 W 35th St,10001,xZ96vaoL-cQjfotmUKtjJQ,
5,6,Zusik,korean,,New York,202 W14th St,"New York, NY 10011",US,,,NY,202 W14th St,10011,I6KHYESZdZQz0fnMaMyIpQ,
4,357,SSAM,korean,$$,Brooklyn,170 Smith St,"Brooklyn, NY 11201",US,,,NY,170 Smith St,11201,cOXYWZ_GTX-_ue_kveguRg,
4.5,88,Grand Seoul,korean,$$$,New York,85 Chrystie St,"New York, NY 10002",US,,,NY,85 Chrystie St,10002,QSWH-i8I4Rp1mWvXRIaFqQ,
4.5,1139,Thursday Kitchen,korean,$$,New York,424 E 9th St,"New York, NY 10009",US,,,NY,424 E 9th St,10009,fVbUVAiLiGgLA_nxBFxyww,
4.5,458,Oiji,korean,$$$,New York,119 1st Ave,"New York, NY 10003",US,,,NY,119 1st Ave,10003,FsuJ7VC5vxX3wcLhFrb97Q,
4,390,K'OOK,korean,$$,New York,324 E 6th St,"New York, NY 10003",US,,,NY,324 E 6th St,10003,igcUHNvsKc-s-RtvUmkg2w,
4.5,145,Silver Factory,korean,$$,Brooklyn,270 South 5th St,"Brooklyn, NY 11211",US,,,NY,270 South 5th St,11211,L7_siqDfU4-ZA17YtA-SBg,
4,1554,Jongro BBQ,korean,$$,New York,22 W 32nd St,Fl 2,US,Fl 2,,NY,22 W 32nd St,10001,FZpm4_fbd6P984foOUejWg,"New York, NY 10001"
4,2515,Woorijip Authentic Korean Food,korean,$,New York,12 W 32nd St,"New York, NY 10001",US,,,NY,12 W 32nd St,10001,ogCC-lJJYnwXDvKGmKZ6Sw,
4,221,GunBae,korean,$$,New York,67 Murray St,"New York, NY 10007",US,,,NY,67 Murray St,10007,0GN6l4FAknTFSWZhEan45A,
4,1023,Her Name Is Han,korean,$$,New York,17 E 31st St,"New York, NY 10016",US,,,NY,17 E 31st St,10016,qY1o1MhoRyN84RRhUJtvpQ,
4,1428,Barn Joo,korean,$$,New York,35 Union Sq W,"New York, NY 10003",US,,,NY,35 Union Sq W,10003,FizBsTIAJwNrImIG1mPDcg,
4,37,Haenyeo,korean,,Brooklyn,239 5th Ave,"Brooklyn, NY 11215",US,,,NY,239 5th Ave,11215,0U9uW93o9DUnAP7r-76LVg,
4.5,232,Yoon Haeundae Galbi,korean,$$$,New York,8 W 36th St,"New York, NY 10018",US,,,NY,8 W 36th St,10018,EKkHfSYTm266-ZBve3SdgA,
4,310,Bangia,korean,$$,New York,11 E 32nd St,"New York, NY 10016",US,,,NY,11 E 32nd St,10016,pcb8yK9_28uWz5CyokjwSg,
4.5,266, Tofu Tofu,korean,$$,New York,96 Bowery,"New York, NY 10013",US,,,NY,96 Bowery,10013,vWoT1h8E2eWvIdJqpuxfdg,
4.5,347,JeJu Noodle Bar,korean,$$,New York,679 Greenwich St,"New York, NY 10014",US,,,NY,679 Greenwich St,10014,xtxcAUvrD4dWHJd0cwvW1A,
4.5,308,Anytime,korean,$$,New York,23 W 32nd St,Fl 3,US,Fl 3,,NY,23 W 32nd St,10001,VvsZAnEwU4c8Xkyrzx05Nw,"New York, NY 10001"
4,539,Sik Gaek,korean,$$,Woodside,49-11 Roosevelt Ave,"Woodside, NY 11377",US,,,NY,49-11 Roosevelt Ave,11377,2Bg8Jfl2FvH1unmvxNS0dQ,
5,1,San Pedro,bar,,Brooklyn,320 Van Brunt St,"Brooklyn, NY 11231",US,,,NY,320 Van Brunt St,11231,jfNc9_Of6ojLl4DVG9QKCw,
4.5,9,The Lighthouse,bar,$$,Dumbo,29 Adams St,"Dumbo, NY 11201",US,,,NY,29 Adams St,11201,JmVm97rI9PbxqK85flMZuw,
4,1410,The Dead Rabbit,bar,$$,New York,30 Water St,"New York, NY 10004",US,,,NY,30 Water St,10004,RemvTpxalDjSew5HwmNzUQ,
4,306,The Ship,bar,$$,New York,158 Lafayette St,"New York, NY 10013",US,,,NY,158 Lafayette St,10013,AydiQxXWQLqVrZ9sEZTxtw,
4.5,58,The Binc,bar,$$,Brooklyn,60 Henry St,"Brooklyn, NY 11201",US,,,NY,60 Henry St,11201,5Fz1WlY3lxy8gJFs8s_1Dw,
4,381,The Up & Up,bar,$$,New York,116 MacDougal St,"New York, NY 10012",US,,,NY,116 MacDougal St,10012,zWrZBXj5F2V_0UknnTfqbw,
4,1388,Apothèke,bar,$$$,New York,9 Doyers St,"New York, NY 10013",US,,,NY,9 Doyers St,10013,P3NfoMjBy_o2BTNNZ-5okg,
3.5,2,Dusk Til Dawn Bar & Lounge,bar,,Brooklyn,193 Marcus Garvey Blvd,"Brooklyn, NY 11221",US,,,NY,193 Marcus Garvey Blvd,11221,mcoY5kjynQ6aNnzKhgeOxw,
4,397,The Library,bar,$,New York,7 Ave A,"New York, NY 10009",US,,,NY,7 Ave A,10009,H8mnryiCI02N00g9vuFDLg,
4,298,Nitecap,bar,$$,New York,151 Rivington St,"New York, NY 10002",US,,,NY,151 Rivington St,10002,iM3zYjjmnJ06VVmxvTo9eQ,
4,351,Botanica Bar,bar,$,New York,47 E Houston St,Ste B,US,Ste B,,NY,47 E Houston St,10012,zvxUXRQOqzsyFiCKS09_JQ,"New York, NY 10012"
4,483,Attaboy,bar,$$$,New York,134 Eldridge St,"New York, NY 10002",US,,,NY,134 Eldridge St,10002,H7S7-vF2z_HfaLo6BGPetw,
4.5,748,Whiskey Tavern,bar,$$,New York,79 Baxter St,"New York, NY 10013",US,,,NY,79 Baxter St,10013,c3Ww3pgeHjBi3ctkeUWrjQ,
4.5,1392,Raines Law Room,bar,$$$,New York,48 W 17th St,"New York, NY 10011",US,,,NY,48 W 17th St,10011,J4pAppaiXwCkbLOGc4wHww,
4,568,District Social,bar,$$,New York,252 W 37th St,"New York, NY 10018",US,,,NY,252 W 37th St,10018,eTR6nfHvQzvKX7Dcd6JrfA,
4,476,The Belfry,bar,$$,New York,222 E 14th St,"New York, NY 10003",US,,,NY,222 E 14th St,10003,gjwELZmHUNO0WdqXYBEbcg,
3,37,1 Rooftop Garden & Bar,bar,$$$,Brooklyn,60 Furman St,"Brooklyn, NY 11201",US,,,NY,60 Furman St,11201,_Tn0eN5E37WBf8oVdOA9BA,
4,291,Rooftop 93,bar,$$,New York,93 Bowery,"New York, NY 10002",US,,,NY,93 Bowery,10002,511OTzlr0FkL4esfBxMzIw,
4,442,Ward III,bar,$$,New York,111 Reade St,"New York, NY 10013",US,,,NY,111 Reade St,10013,X_2RR5F7Bq3jos28dQuvlg,
5,6,The Upstairs at 66,bar,,New York,46 Stone St,"New York, NY 10004",US,,,NY,46 Stone St,10004,X0f9UYHoE4OxnuUq801vMg,
4,1189,Hometown Bar-B-Que,bbq,$$,Brooklyn,454 Van Brunt St,"Brooklyn, NY 11231",US,,,NY,454 Van Brunt St,11231,Ms3CAGddVbgetiQrpzqxPQ,
4,1695,Mighty Quinn's Barbeque,bbq,$$,New York,103 2nd Ave,"New York, NY 10003",US,,,NY,103 2nd Ave,10003,LsITU8KVYMhV_fatv84wWA,
4,2186,Fette Sau,bbq,$$,Brooklyn,354 Metropolitan Ave,"Brooklyn, NY 11211",US,,,NY,354 Metropolitan Ave,11211,mlGfXoxc8cEss8Yms6VrXg,
4,763,Mable's Smokehouse & Banquet Hall,bbq,$$,Brooklyn,44 Berry St,"Brooklyn, NY 11249",US,,,NY,44 Berry St,11249,nsAU6F2vmdnphmfIa_RuWg,
4,1828,Butcher Bar,bbq,$$,Astoria,37-10 30th Ave,"Astoria, NY 11103",US,,,NY,37-10 30th Ave,11103,nkfUKb7oWQt54Uz9VQLhUg,
3.5,130,Friendship Foods BBQ,bbq,$$,Flushing,36-22 Union St,"Flushing, NY 11354",US,,,NY,36-22 Union St,11354,k8vE6g59i4JrAmXd6K1g5w,
4,2827,Dinosaur Bar-B-Que,bbq,$$,Harlem,700 W 125th St,"Harlem, NY 10027",US,,,NY,700 W 125th St,10027,XzUW9MvEGOFs9_aNj11j2Q,
4,406,Pig Beach,bbq,$$,Brooklyn,480 Union St,"Brooklyn, NY 11231",US,,,NY,480 Union St,11231,Zzvqc7XcyGVX5bnjGN9IXA,
4,1554,Jongro BBQ,bbq,$$,New York,22 W 32nd St,Fl 2,US,Fl 2,,NY,22 W 32nd St,10001,FZpm4_fbd6P984foOUejWg,"New York, NY 10001"
4,1055,Hometown Hotpot & BBQ,bbq,$$,New York,194 Grand St,"New York, NY 10013",US,,,NY,194 Grand St,10013,zEIt0xaPM9DIS-pc118O6A,
3,172,Funny BBQ,bbq,$$,New York,98 Bowery,"New York, NY 10013",US,,,NY,98 Bowery,10013,_VWpp7qBwJTAEwc4U2QX8Q,
4,58,Randalls Barbecue,bbq,,New York,359 Grand St,"New York, NY 10002",US,,,NY,359 Grand St,10002,6_PMTcR0SztUR9QVzDEtEA,
4,798,John Brown Smokehouse,bbq,$$,Long Island City,10-43 44th Dr,"Long Island City, NY 11101",US,,,NY,10-43 44th Dr,11101,4DQ1S0s5ViRsw_wpcT65cw,
3.5,1499,Dinosaur Bar-B-Que,bbq,$$,Brooklyn,604 Union St,"Brooklyn, NY 11215",US,,,NY,604 Union St,11215,0ef3Q3RvIqfFzZoOfA2amg,
4,1119,Kang Ho Dong Baekjeong,bbq,$$$,New York,1 E 32nd St,"New York, NY 10016",US,,,NY,1 E 32nd St,10016,x9ADy3a--S_6Oqn_1KLipA,
3,60,Shokunin BBQ,bbq,$$$,Brooklyn,952 60th St,"Brooklyn, NY 11219",US,,,NY,952 60th St,11219,AAPJkyU0Y7Aci0RZBdJONg,
4,1615,99 Favor Taste,bbq,$$,New York,285 Grand St,"New York, NY 10002",US,,,NY,285 Grand St,10002,Xf6e3HaP0AgMBxY7dEDkOA,
3.5,2088,Hill Country Barbecue Market,bbq,$$,New York,30 W 26th St,"New York, NY 10010",US,,,NY,30 W 26th St,10010,NlsxuhV6CUONOyI7xk7-mw,
4,258,Pig Heaven,bbq,$$,New York,1420 3rd Ave,"New York, NY 10028",US,,,NY,1420 3rd Ave,10028,sfsjk1h50ooC2ioY7m48gw,
4.5,352,Red White & Que Smokehouse,bbq,$$,Kearny,266 Davis Ave,"Kearny, NJ 07032",US,,,NJ,266 Davis Ave,07032,PmevHhcrsfeAYuA7RBPh0g,
4.5,1334,The MasalaWala,indian,$$,New York,179 Essex St,"New York, NY 10002",US,,,NY,179 Essex St,10002,sCC7-hSdCkNPExejZT9BAQ,
4.5,1506,Bengal Tiger Indian Food,indian,$$,New York,58 W 56th St,Fl 2,US,Fl 2,,NY,58 W 56th St,10019,x0k5kFArHLijdY8-NEQ7Xg,"New York, NY 10019"
4,425,Benares,indian,$$,New York,45 Murray Street,"New York, NY 10007",US,,,NY,45 Murray Street,10007,iXSuNKKUBIrBX7zUerlQDQ,
4,669,Pippali,indian,$$,New York,129 E 27th St,"New York, NY 10016",US,,,NY,129 E 27th St,10016,HEs6llkn3wIP1ATXeIZQew,
4,84,Indian Table,indian,$$,Brooklyn,234 Court St,"Brooklyn, NY 11201",US,,,NY,234 Court St,11201,BXoW0AUDE7WZJcY-Vhqlbg,
4.5,227,Ashoka Indian Restaurant,indian,$$,New York,489 Columbus Ave,"New York, NY 10024",US,,,NY,489 Columbus Ave,10024,15svH3HiVDwHMSIlRYpk6A,
4.5,277,Tikka Indian Grill,indian,$$,Brooklyn,185 Grand St,"Brooklyn, NY 11211",US,,,NY,185 Grand St,11211,WWpOWqOgS9ClYvxYVzR0lg,
4.5,258,Aahar Indian Cuisine,indian,$$,New York,10 Murray St,"New York, NY 10007",US,,,NY,10 Murray St,10007,_z2_1TE_1brlvljiGtJ4mA,
4.5,875,The Drunken Munkey - UES,indian,$$,New York,338 E 92nd St,"New York, NY 10128",US,,,NY,338 E 92nd St,10128,9pMhRYYgV7E9L7pzECtJKA,
4,522,Malai Marke Indian Cuisine,indian,$$,New York,318 E 6th St,"New York, NY 10003",US,,,NY,318 E 6th St,10003,7DUPGtHqVZHJ3yIufbWLsg,
4.5,275,Mughlai Grill,indian,$$,New York,6 Clinton St,"New York, NY 10002",US,,,NY,6 Clinton St,10002,_7BGw3YFNOTzP1Www3zB7g,
4,827,Tamarind,indian,$$$,New York,99 Hudson St,"New York, NY 10013",US,,,NY,99 Hudson St,10013,kS2CP48K66yL2TwIhUqy_A,
4.5,159,Adda,indian,$$,Long Island City,31-31 Thomson Ave,"Long Island City, NY 11101",US,,,NY,31-31 Thomson Ave,11101,Xl-zlT0NLLiKhym88em22w,
4.5,113,Spice & Grill,indian,$$,Brooklyn,441 Myrtle Ave,"Brooklyn, NY 11205",US,,,NY,441 Myrtle Ave,11205,iXrKGRzIZK0pp31mO3nBzA,
4,187,Surya,indian,$$,New York,154 Bleecker St,"New York, NY 10012",US,,,NY,154 Bleecker St,10012,_R6EjbrynW_LFnmWoRqgww,
4.5,218,Kitchen Grill Indian Restaurant,indian,$$,Brooklyn,914A Fulton St,"Brooklyn, NY 11238",US,,,NY,914A Fulton St,11238,YDtIHtfvWd4W36wq6UAjoA,
4,284,Mint Masala,indian,$$,New York,95 Macdougal St,"New York, NY 10012",US,,,NY,95 Macdougal St,10012,FvnExtQHPfz_crDCBTQ1iQ,
4,440,Baar Baar,indian,$$$,New York,13 E 1st St,"New York, NY 10003",US,,,NY,13 E 1st St,10003,jYhbUh1TV7SCfPxjIhVpcg,
4.5,473,Indian Accent,indian,$$$$,New York,123 W 56th St,"New York, NY 10019",US,,,NY,123 W 56th St,10019,1_pK5aQ47atF50oAKHADhA,
4,234,Ahimsa,indian,$$,New York,210 Thompson St,"New York, NY 10012",US,,,NY,210 Thompson St,10012,N7pDKAFOR1F_oCVH_Fc7Wg,
4.5,544,Despaña,spanish,$$,New York,408 Broome St,"New York, NY 10013",US,,,NY,408 Broome St,10013,cUyfnb3E7HvzNfbTgTjl_Q,
4,1792,Alta,spanish,$$$,New York,64 W 10th St,"New York, NY 10011",US,,,NY,64 W 10th St,10011,XEugUtbw4rRmGr9S1XA-aQ,
4,687,Las Ramblas,spanish,$$,New York,170 W 4th St,"New York, NY 10014",US,,,NY,170 W 4th St,10014,WFOaud0jlpXQ9aEecipUqg,
4,1092,Socarrat Paella Bar - Chelsea,spanish,$$$,New York,259 W 19th St,"New York, NY 10011",US,,,NY,259 W 19th St,10011,DiHm4iIAQhqMKfjsrBPvZw,
4,908,Boqueria Spanish Tapas - Soho,spanish,$$$,New York,171 Spring St,"New York, NY 10012",US,,,NY,171 Spring St,10012,AIKjw2QLvVNdha3TciJYzg,
4.5,185,Tomiño Taberna Gallega,spanish,$$$,New York,192 Grand St,"New York, NY 10013",US,,,NY,192 Grand St,10013,EHINHIbLklEUShuANKjGgw,
3.5,42,Mercado Little Spain,spanish,$$,New York,10 Hudson Yards,"New York, NY 10001",US,,,NY,10 Hudson Yards,10001,rrL05CECQO4sQXCc5BF90g,
4,290,Huertas,spanish,$$,New York,107 1st Ave,"New York, NY 10003",US,,,NY,107 1st Ave,10003,fVslDZ8dGsVmcRhS0R0kFg,
4,2458,Calle Ocho,spanish,$$,New York,45 W 81st St,"New York, NY 10024",US,,,NY,45 W 81st St,10024,H9GD7km7riFooM0FkdwOPg,
4,644,Boqueria Spanish Tapas - Upper East Side,spanish,$$$,New York,1460 2nd Ave,"New York, NY 10075",US,,,NY,1460 2nd Ave,10075,5S8ZK9XLdl4l645twbNYZQ,
4.5,270,El Born,spanish,$$,Brooklyn,651 Manhattan Ave,"Brooklyn, NY 11222",US,,,NY,651 Manhattan Ave,11222,gvMYV5E3HyzhN_MYFIMGzg,
4,160,El Pote Español Restaurant,spanish,$$,New York,718 2nd Ave,"New York, NY 10016",US,,,NY,718 2nd Ave,10016,5IGFJRN06HiclnivxaFThQ,
4.5,738,Rincon Criollo,spanish,$$,Corona,40-09 Junction Blvd,"Corona, NY 11368",US,,,NY,40-09 Junction Blvd,11368,zekbMn7KWtzxTFLtfEqb1w,
4,1185,Boqueria Spanish Tapas - Flatiron,spanish,$$$,New York,53 W 19th St,"New York, NY 10011",US,,,NY,53 W 19th St,10011,qIOAlXCCYrwN0VxEEH-Tmw,
4,765,Sala One Nine,spanish,$$,New York,35 W 19th St,"New York, NY 10011",US,,,NY,35 W 19th St,10011,OUzTKc5YcCPOPG5e8Di67g,
4.5,3,Mar at Mercado Little Spain,spanish,,New York,10 Hudson Yards,"New York, NY 10001",US,,,NY,10 Hudson Yards,10001,J5JJbRZ9ttn-TtS8KkmTNQ,
4,847,Nai Tapas,spanish,$$,New York,85 2nd Ave,"New York, NY 10003",US,,,NY,85 2nd Ave,10003,iTj5T_jPYvznd1QTgs7NZw,
3.5,425,Sevilla Restaurant,spanish,$$,New York,62 Charles St,"New York, NY 10014",US,,,NY,62 Charles St,10014,RQi2YmAkk8g9WdNStAhfbQ,
4,316,El Porron,spanish,$$,New York,1123 1st Ave,"New York, NY 10065",US,,,NY,1123 1st Ave,10065,W5j4EA1fDT3EKdXdKABG3Q,
4,883,Cabana,spanish,$$,Forest Hills,107-10 70th Rd,"Forest Hills, NY 11375",US,,,NY,107-10 70th Rd,11375,gEEqoeSekTOjRVmyY4fplA,
4,5284,Peter Luger,steakhouse,$$$$,Brooklyn,178 Broadway,"Brooklyn, NY 11211",US,,,NY,178 Broadway,11211,4yPqqJDJOQX69gC66YUDkA,
4.5,2557,Club A Steakhouse,steakhouse,$$$,New York,240 E 58th St,"New York, NY 10022",US,,,NY,240 E 58th St,10022,A_YpTLbAlEqeLVSs9bxbEA,
4.5,751,DeStefano's Steakhouse,steakhouse,$$$,Brooklyn,89 Conselyea St,"Brooklyn, NY 11211",US,,,NY,89 Conselyea St,11211,hthvpEL7JEbfxfD6iP9axQ,
4.5,2750,Del Frisco's Double Eagle Steakhouse,steakhouse,$$$$,New York,1221 Ave Of The Americas,"New York, NY 10020",US,,,NY,1221 Ave Of The Americas,10020,b8a-8u_A51v2IzyjLVsx6w,
4,2343,Keens Steakhouse,steakhouse,$$$$,New York,72 W 36th St,"New York, NY 10018",US,,,NY,72 W 36th St,10018,pQuZDnefX038xurT1BhDXA,
4.5,449,Boucherie Union Square,steakhouse,$$$,New York,225 Park Ave S,"New York, NY 10003",US,,,NY,225 Park Ave S,10003,8XHbZIKDQbXhyKIGiukVeQ,
4,978,Gallaghers Steakhouse,steakhouse,$$$,New York,228 W 52nd St,"New York, NY 10019",US,,,NY,228 W 52nd St,10019,hk3ohp_A4L4UgWTexDxf_Q,
4.5,989,Boucherie West Village,steakhouse,$$$,New York,99 7th Ave S,"New York, NY 10014",US,,,NY,99 7th Ave S,10014,s3jou_L_LVYGkNHiuhjlew,
4.5,293,Rocco Steakhouse,steakhouse,$$$,New York,72 Madison Ave,"New York, NY 10016",US,,,NY,72 Madison Ave,10016,REDWyPG0UJc5u8iU8mP6Hw,
4,341,Salt + Charcoal,steakhouse,$$,Brooklyn,171 Grand St,"Brooklyn, NY 11249",US,,,NY,171 Grand St,11249,m1cJLpDN4B-_0hGgPfe5OA,
4,421,Bowery Meat Company,steakhouse,$$$,New York,9 E 1st St,"New York, NY 10003",US,,,NY,9 E 1st St,10003,qpkFmGyvbZv-g2fbwyNQUg,
4,913,Wolfgang's Steakhouse,steakhouse,$$$$,New York,4 Park Ave,"New York, NY 10016",US,,,NY,4 Park Ave,10016,ikb5lhHmb2xndNZM-jr_Mw,
5,193,4 Charles Prime Rib,steakhouse,$$$,New York,4 Charles St,"New York, NY 10014",US,,,NY,4 Charles St,10014,ZOa13veZkzGjA-x3kMfOmA,
4,1873,Quality Meats,steakhouse,$$$$,New York,57 W 58th St,"New York, NY 10019",US,,,NY,57 W 58th St,10019,kB-lmHs7yNwLIlQyp0kMmQ,
4,714,Ikinari Steak East Village,steakhouse,$$,New York,90 E 10th St,"New York, NY 10003",US,,,NY,90 E 10th St,10003,kr_Wu5m0P-AEghraNqXeTA,
4,943,Strip House,steakhouse,$$$$,New York,13 E 12th St,"New York, NY 10003",US,,,NY,13 E 12th St,10003,DijUyfUGs6WoN4dp0_OANQ,
4,519,Wolfgang's Steakhouse,steakhouse,$$$$,New York,409 Greenwich St,Tribeca,US,,Tribeca,NY,409 Greenwich St,10013,hFZ5qw8gvWiBUbmbahSalg,"New York, NY 10013"
4.5,574,Mastro's Steakhouse,steakhouse,$$$$,New York,1285 Avenue of the Americas,"New York, NY 10019",US,,,NY,1285 Avenue of the Americas,10019,iAoHFfB_T8U31PhIzD-o_g,
4.5,268,Amber Steak House,steakhouse,$$$,Brooklyn,119 Nassau Ave,"Brooklyn, NY 11222",US,,,NY,119 Nassau Ave,11222,l2ROlwwJcTPmi_2l3A9oyQ,
4.5,264,El Mate,steakhouse,$$,Brooklyn,550 Court St,"Brooklyn, NY 11231",US,,,NY,550 Court St,11231,L0XYugkXpuACPMQ451MB8g,
